<?xml version="1.0" encoding="UTF-8"?>
<project-private xmlns="http://www.netbeans.org/ns/project-private/1">
    <editor-bookmarks xmlns="http://www.netbeans.org/ns/editor-bookmarks/2" lastBookmarkId="0"/>
    <open-files xmlns="http://www.netbeans.org/ns/projectui-open-files/2">
        <group>
            <file>file://solon.prd/files/P/Global/Users/C47609/Userdata/Documents/NetBeansProjects/New%20Folder/TestDataOnDemand_V2/src/testdataondemand/TestDataOnDemandF1.java</file>
            <file>file://solon.prd/files/P/Global/Users/C47609/Userdata/Documents/NetBeansProjects/New%20Folder/TestDataOnDemand_V2/src/testdataondemand/TestDataOnDemand.java</file>
            <file>file://solon.prd/files/P/Global/Users/C47609/Userdata/Documents/NetBeansProjects/New%20Folder/TestDataOnDemand_V2/build.xml</file>
            <file>file://solon.prd/files/P/Global/Users/C47609/Userdata/Documents/NetBeansProjects/New%20Folder/TestDataOnDemand_V2/src/testdataondemand/SQLDisplay3.java</file>
        </group>
    </open-files>
</project-private>
